{"cameraMode":{"drawMode":0,"name":"Shaded","section":"Shading Mode"},"sceneLighting":true,"audioPlay":false,"sceneViewState":{"showFog":true,"showMaterialUpdate":false,"showSkybox":true,"showFlares":true,"showImageEffects":true,"showParticleSystems":true},"in2DMode":false,"pivot":{"x":45.964420318603519,"y":5.659999847412109,"z":-12.87104320526123},"rotation":{"x":0.005146835930645466,"y":0.9954020977020264,"z":-0.08559004962444306,"w":0.05295698344707489},"size":15.463483810424805,"orthographic":false}