{"cameraMode":{"drawMode":0,"name":"Shaded","section":"Shading Mode"},"sceneLighting":false,"audioPlay":false,"sceneViewState":{"showFog":true,"showMaterialUpdate":false,"showSkybox":true,"showFlares":true,"showImageEffects":true,"showParticleSystems":true},"in2DMode":false,"pivot":{"x":-1.8042898178100587,"y":4.17506742477417,"z":1.4636484384536744},"rotation":{"x":0.04860346391797066,"y":0.6312668323516846,"z":0.03954324498772621,"w":-0.7731791138648987},"size":17.637121200561525,"orthographic":false}