{"cameraMode":{"drawMode":0,"name":"Shaded","section":"Shading Mode"},"sceneLighting":false,"audioPlay":false,"sceneViewState":{"showFog":true,"showMaterialUpdate":false,"showSkybox":true,"showFlares":true,"showImageEffects":true,"showParticleSystems":true},"in2DMode":false,"pivot":{"x":37.273582458496097,"y":27.833114624023439,"z":-69.01676940917969},"rotation":{"x":-0.01096681784838438,"y":0.6225010752677918,"z":0.009815968573093415,"w":0.7826739549636841},"size":33.55604934692383,"orthographic":false}